form_id,form_type,lead_source
0001541176745222-a665ba05d7a-0001,group_tickets_information,Group Tickets Form
0001541260078637-12823d363fa4-0001,fenway_premium_suites,Fenway Premium Suites Form
0001501701662527-aee5cc2ffffccf4-0001,new_season_ticket_inquiries,New Season Ticket Inquiries Form
0001551903676569-12f8e2486200-0001,mlb_brochure_download,MLB Brochure Download
0001541604669823-e360e933230-0001,fenway_events_inquiries,Fenway Events Inquiries
0001637596045328-b675121bffffa6eb-0001,group_tickets_renewal,Group Tickets Renewal Form
